File.Name	Protein.Group	Protein.Ids	Protein.Names	Genes	PG.Quantity	PG.Normalised	Gene.Group.Quantity	Gene.Group.Normalised	Gene.Quantity.Unique	Gene.Normalised.Unique	Modified.Sequence	Stripped.Sequence	Precursor.Id	Precursor.Charge	Q.Value	Protein.Q.Value	Proteotypic	Precursor.Quantity	Precursor.Normalised	Label.Ratio	RT	iRT	Predicted.RT	Predicted.iRT	Lib.Q.Value	Ms1.Profile.Corr	Evidence	CScore	Decoy.Evidence	Decoy.CScore	Fragment.Quant.Raw	Fragment.Quant.Corrected	Fragment.Correlations
./tmp//tQC_NA_NA_12.mzML.dia	P02042;P68871	P02042;P68871	HBB_HUMAN;HBD_HUMAN	HBB;HBD	162972	162972	162972	162972			(UniMod:1)VHLTPEEK	VHLTPEEK	(UniMod:1)VHLTPEEK2	2	0.981132	0.111111	0	210700	210700	0	1.44538	1008.5	2.09317	998.877	0	-0.291508	2.78784	0.333346	3.53853	-2.66336	6300;977;1343;113499;1959;95069;	943.292;659.888;100.104;113499;456.84;95041.1;	0.0821814;0.871622;-0.159811;0.981048;0.343081;0.9839;
./tmp//tQC_NA_NA_12.mzML.dia	P02766	P02766	TTHY_HUMAN	TTR	26455.2	26455.2	26455.2	26455.2	26455.2	26455.2	AADDTWEPFASGK	AADDTWEPFASGK	AADDTWEPFASGK2	2	0.161765	0.111111	1	25311.3	25311.3	0	2.79567	1506.9	2.7993	1462.03	0	0.200576	4.21793	2.90757	2.8667	-7.22577	12096;2583;12685;2448;4683;3056;	7852.85;2519.39;6035.3;2196.19;4683;2024.57;	0.628147;0.890148;0.252812;0.889459;0.955198;0.779448;
./tmp//tQC_NA_NA_12.mzML.dia	P69905	P69905	HBA_HUMAN	HBA1	7497.44	7497.44	7497.44	7497.44	7497.44	7497.44	AAWGKVGAHAGEYGAEALER	AAWGKVGAHAGEYGAEALER	AAWGKVGAHAGEYGAEALER4	4	0.106383	0.111111	1	37844	37844	0	3.09835	1042.4	2.15983	1787.05	0	0	4.33454	4.17081	4.07443	-1.84003	5755;4841;4226;10104;18697;9299;	4755.23;3810.25;1743.7;4993.55;18697;3844.22;	0.930099;0.92457;0.43608;0.674583;0.977104;0.355191;
./tmp//tQC_NA_NA_12.mzML.dia					112024	112024					AFSDGLAHLDNLK	AFSDGLAHLDNLK	AFSDGLAHLDNLK3	3	0.296296	1	0	21598.8	21598.8	0	3.12172	1516.1	2.80762	1814.08	0	0.815569	3.44231	2.30837	2.49489	-0.586211	1215;56865;2452;1643;710;1419;	701.726;18133.5;604.083;755.054;710;694.471;	0.724566;0.645032;0.194608;0.699978;0.915037;0.537468;
./tmp//tQC_NA_NA_12.mzML.dia					112024	112024					AGEYGAEALER	AGEYGAEALER	AGEYGAEALER2	2	0.122807	1	0	80661.7	80661.7	0	3.40883	926	1.91995	2160.98	0	0.715412	3.41026	3.41554	3.62966	1.24635	5646;4075;5122;2797;5102;65148;	5646;1184.58;5046.28;1739.53;1897.3;65148;	0.963185;0.147643;0.871851;0.684908;0.0340507;0.905462;
./tmp//tQC_NA_NA_12.mzML.dia	P02652	P02652	APOA2_HUMAN	APOA2	80869.9	80869.9	80869.9	80869.9	80869.9	80869.9	AGTELVNFLSYFVELGTQPAT	AGTELVNFLSYFVELGTQPAT	AGTELVNFLSYFVELGTQPAT3	3	0.106383	0.111111	1	39017.9	39017.9	0	5.42422	4494.8	4.56751	4537.84	0	0.942397	5.44002	3.75562	4.14396	0.382489	20794;9706;3863;1703;3619;3291;	20113.9;9706;3183.3;749.033;2682.65;2583;	0.915521;0.941323;0.888077;0.840291;0.905452;0.906752;
./tmp//tQC_NA_NA_12.mzML.dia					112024	112024					AGVANALAHKY	AGVANALAHKY	AGVANALAHKY2	2	0.253165	1	0	114394	114394	0	3.8026	1104.1	2.2733	2653.98	0	0.583952	3.60114	2.40099	3.56598	-1.72248	2036;2973;22752;90453;3509;1848;	470.158;1754.77;22752;90453;295.111;423.764;	0.263466;0.7461;0.956735;0.971892;-0.0632;0.519756;
./tmp//tQC_NA_NA_12.mzML.dia					112024	112024					AHVDDMPNALSALSDLHAHK	AHVDDMPNALSALSDLHAHK	AHVDDMPNALSALSDLHAHK3	3	0.56701	1	0	23948.8	23948.8	0	2.85777	2645.2	3.31099	1524.35	0	0.978361	5.19726	1.3775	3.88496	-0.026226	2792;3062;2220;2914;16363;3831;	1961.82;2379.12;1242.65;1833.41;16363;2547.91;	0.935484;0.962377;0.823932;0.906846;0.997684;0.921889;
./tmp//tQC_NA_NA_12.mzML.dia	P02649	P02649	APOE_HUMAN	APOE	4362.14	4362.14	4362.14	4362.14	4362.14	4362.14	AKLEEQAQQIR	AKLEEQAQQIR	AKLEEQAQQIR2	2	0.541667	0.727273	1	4362.14	4362.14	0	1.37615	763.6	1.57417	1004.99	0	0.392928	5.08001	1.43412	3.50203	1.28291	1481;1620;1391;1347;879;236;	1406.12;1620;1126.14;1016.47;577.406;236;	0.86175;0.939074;0.89961;0.870043;0.826469;0.916853;
./tmp//tQC_NA_NA_12.mzML.dia	P02766	P02766	TTHY_HUMAN	TTR	26455.2	26455.2	26455.2	26455.2	26455.2	26455.2	ALGISPFHEHAEVVFTANDSGPR	ALGISPFHEHAEVVFTANDSGPR	ALGISPFHEHAEVVFTANDSGPR3	3	0.122807	0.111111	1	11001.7	11001.7	0	2.89737	1588.5	2.86846	1565.38	0	0.365362	4.1078	3.45291	3.41343	0.48117	2995;3038;4492;2930;1861;1995;	1607.62;3038;3863.05;2469.62;1207.66;1853.79;	0.717597;0.969424;0.806505;0.850226;0.584946;0.856801;
./tmp//tQC_NA_NA_12.mzML.dia	P02766	P02766	TTHY_HUMAN	TTR	26455.2	26455.2	26455.2	26455.2	26455.2	26455.2	ALGISPFHEHAEVVFTANDSGPR	ALGISPFHEHAEVVFTANDSGPR	ALGISPFHEHAEVVFTANDSGPR4	4	0.0344828	0.111111	1	26455.2	26455.2	0	2.90407	1555.2	2.84149	1572.41	0	0	5.35651	9.20732	3.27014	-2.74176	7481;7133;3595;5869;4540;8682;	7481;6988.51;3084.94;5539.31;4540;5809.94;	0.970293;0.90487;0.856767;0.94298;0.959817;0.579748;
./tmp//tQC_NA_NA_12.mzML.dia					112024	112024					ALSDLHAHK	ALSDLHAHK	ALSDLHAHK2	2	0.828571	1	0	7033.67	7033.67	0	3.72688	578.7	1.1805	2559.74	0	0.473566	3.48278	0.600344	3.77083	-0.97122	1749;1941;916;752;3848;4130;	1028.83;1941;260.275;421.369;2761.06;2562.14;	0.48834;0.945385;0.294501;0.543443;0.744702;0.780374;
./tmp//tQC_NA_NA_12.mzML.dia	P04264	P04264	K2C1_HUMAN	KRT1	418714	418714	418714	418714	418714	418714	AQYEDIAQK	AQYEDIAQK	AQYEDIAQK2	2	0.161765	0.272727	1	24625.7	24625.7	0	4.54168	805.5	1.66339	3519.99	0	-0.149201	4.51126	2.91587	4.21705	0.740834	2832;855;2374;19652;1057;760;	2495.1;330.716;1817.06;19652;315.547;345.956;	0.975214;0.552378;0.913948;0.992162;0.480948;0.525158;
./tmp//tQC_NA_NA_12.mzML.dia	P01034	P01034	CYTC_HUMAN	CST3	19037.2	19037.2	19037.2	19037.2	19037.2	19037.2	ASNDMYHSR	ASNDMYHSR	ASNDMYHSR2	2	0.243243	0.5	1	19037.2	19037.2	0	4.55445	360.7	0.716349	3534.72	0	0.0444397	3.97225	2.5861	4.95257	4.37388	14013;3075;2351;1855;1162;5431;	14013;1505.51;890.623;971.886;753.924;2407.81;	0.995221;0.672342;0.398073;0.723308;0.760915;0.544852;
./tmp//tQC_NA_NA_12.mzML.dia	P32119	P32119	PRDX2_HUMAN	PRDX2	13222.4	13222.4	13222.4	13222.4	13222.4	13222.4	ATAVVDGAFK	ATAVVDGAFK	ATAVVDGAFK2	2	0.0344828	0.111111	1	13222.4	13222.4	0	1.50703	1020.9	2.11792	993.43	0	-0.145909	3.70741	6.00981	3.02656	-3.03771	6789;843;4025;1648;3487;1195;	6789;422.908;2899.16;556.77;2760.17;217.273;	0.970185;0.61793;0.797604;0.551196;0.846556;0.490463;
./tmp//tQC_NA_NA_12.mzML.dia	P02647	P02647	APOA1_HUMAN	APOA1	1.59065e+06	1.59065e+06	1.59065e+06	1.59065e+06	1.59065e+06	1.59065e+06	ATEHLSTLSEK	ATEHLSTLSEK	ATEHLSTLSEK2	2	0.0344828	0.111111	1	160309	160309	0	1.32552	714.8	1.47027	1009.47	0	0.995696	5.59063	6.72807	3.95995	4.79352	52252;42979;26065;40706;27351;21080;	50028.8;42979;24897.1;39709.4;25903.6;19769.9;	0.91913;0.927745;0.929496;0.931533;0.931664;0.92502;
./tmp//tQC_NA_NA_12.mzML.dia	P00751	P00751	CFAB_HUMAN	CFB	49550.3	49550.3	49550.3	49550.3	49550.3	49550.3	DFHINLFQVLPWLK	DFHINLFQVLPWLK	DFHINLFQVLPWLK3	3	0.0344828	0.111111	1	49550.3	49550.3	0	5.09837	4300.7	4.43299	4162.03	0	0.848651	5.8959	7.11918	3.92899	-1.10963	17602;20004;10678;8682;7533;5746;	17473.4;19768.7;10556;8682;7287.89;5551.02;	0.975297;0.977516;0.994954;0.983297;0.986739;0.978003;
./tmp//tQC_NA_NA_12.mzML.dia					112024	112024					DMPNALSALSDLHAHK	DMPNALSALSDLHAHK	DMPNALSALSDLHAHK3	3	0.253165	1	0	21391.9	21391.9	0	2.47113	1758.8	2.9826	1184.43	0	0.00526831	3.5156	2.42175	3.64713	-4.29429	1592;10362;7563;16379;3482;3951;	0;5030.75;2658.39;16379;595.559;1758.91;	-0.0306826;0.775989;0.418547;0.975122;0.212907;0.658721;
./tmp//tQC_NA_NA_12.mzML.dia	P68871	P68871	HBB_HUMAN	HBB	12195.8	12195.8	12195.8	12195.8	12195.8	12195.8	EFTPPVQAAYQK	EFTPPVQAAYQK	EFTPPVQAAYQK2	2	0.135593	0.111111	1	6662.69	6662.69	0	2.32703	1373.6	2.66206	1092.2	0	0.121846	4.4773	3.0488	4.9002	1.39064	2328;2344;1952;2174;1108;1217;	2328;2258.61;1820.76;1359.73;432.244;721.955;	0.980206;0.899589;0.914374;0.660897;0.594124;0.621278;
./tmp//tQC_NA_NA_12.mzML.dia	P68871	P68871	HBB_HUMAN	HBB	12195.8	12195.8	12195.8	12195.8	12195.8	12195.8	EFTPPVQAAYQKVVAGVANALAHK	EFTPPVQAAYQKVVAGVANALAHK	EFTPPVQAAYQKVVAGVANALAHK4	4	0.521277	0.111111	1	12244.4	12244.4	0	4.79135	3745.1	4.04795	3807.94	0	-0.14419	5.04653	1.53163	3.40083	0.370586	3628;3873;1810;3498;1316;4458;	3628;3768.64;969.958;3365.58;559.816;3721.07;	0.973467;0.873;0.685341;0.934369;0.692438;0.852089;
./tmp//tQC_NA_NA_12.mzML.dia	P02671	P02671	FIBA_HUMAN	FGA	14284.9	14284.9	14284.9	14284.9	14284.9	14284.9	ESSSHHPGIAEFPSR	ESSSHHPGIAEFPSR	ESSSHHPGIAEFPSR3	3	0.344828	0.52381	1	14284.9	14284.9	0	4.56678	849.7	1.75749	3548.94	0	0.00530491	4.22841	2.15207	3.28237	-0.382371	999;3921;4167;6499;2781;1143;	643.321;3491.13;4037.19;6499;2646.52;458.839;	0.646446;0.804564;0.828871;0.959729;0.830779;0.685942;
./tmp//tQC_NA_NA_12.mzML.dia	P69891;P69892	P69891;P69892	HBG1_HUMAN;HBG2_HUMAN	HBG1;HBG2	9981.38	9981.38	9981.38	9981.38			FFDSFGNLSSASAIM(UniMod:35)GNPK	FFDSFGNLSSASAIMGNPK	FFDSFGNLSSASAIM(UniMod:35)GNPK3	3	0.478261	0.5	0	23552.5	23552.5	0	4.54602	2372.5	3.20896	3524.99	0	0.906702	5.0865	1.62578	4.87093	0.57943	3478;35678;4879;10106;5868;2573;	2786.24;35678;4156.58;10106;5863.32;640.378;	0.781769;0.967984;0.808359;0.984532;0.92994;0.162327;
./tmp//tQC_NA_NA_12.mzML.dia	P69891;P69892	P69891;P69892	HBG1_HUMAN;HBG2_HUMAN	HBG1;HBG2	9981.38	9981.38	9981.38	9981.38			FFDSFGNLSSASAIMGNPK	FFDSFGNLSSASAIMGNPK	FFDSFGNLSSASAIMGNPK3	3	0.718447	0.5	0	59720.8	59720.8	0	4.55833	3107.3	3.60594	3539.2	0	0.45395	5.37996	0.872135	4.2677	-1.84113	19699;6358;18605;21062;2714;10310;	8563.4;6262.7;18605;21062;1665.66;9824.72;	0.632877;0.945122;0.984596;0.947241;0.663739;0.883484;
./tmp//tQC_NA_NA_12.mzML.dia	P02042	P02042	HBD_HUMAN	HBD	37410.3	37410.3	37410.3	37410.3	37410.3	37410.3	FFESFGDLSSPDAVM(UniMod:35)GNPK	FFESFGDLSSPDAVMGNPK	FFESFGDLSSPDAVM(UniMod:35)GNPK3	3	0.67	0.869565	1	37410.3	37410.3	0	3.62152	2346	3.20081	2427.56	0	-0.07744	4.93943	1.03623	4.46829	-4.9693	2951;778;4611;17546;4733;10479;	2290.3;622.653;3908.49;17546;3186.49;10479;	0.832595;0.826485;0.924468;0.961853;0.783669;0.994237;
./tmp//tQC_NA_NA_12.mzML.dia	P02042	P02042	HBD_HUMAN	HBD	37410.3	37410.3	37410.3	37410.3	37410.3	37410.3	FFESFGDLSSPDAVMGNPK	FFESFGDLSSPDAVMGNPK	FFESFGDLSSPDAVMGNPK3	3	0.67	0.869565	1	20836	20836	0	3.62152	2809.1	3.40051	2427.56	0	0.125846	5.17544	1.12827	4.62973	-1.27477	4776;5437;7580;6913;984;4541;	1777.88;5085.29;7393.04;6715.02;409.087;4541;	0.461789;0.935049;0.926369;0.945104;0.751642;0.969495;
./tmp//tQC_NA_NA_12.mzML.dia	P68871	P68871	HBB_HUMAN	HBB	12195.8	12195.8	12195.8	12195.8	12195.8	12195.8	FFESFGDLSTPDAVM(UniMod:35)GNPKVK	FFESFGDLSTPDAVMGNPKVK	FFESFGDLSTPDAVM(UniMod:35)GNPKVK3	3	0.122807	0.111111	1	3559.55	3559.55	0	5.41232	1948.9	3.07294	4524.11	0	0.651605	3.96216	3.35853	2.92742	0.491025	1017;1443;485;3176;528;2066;	530.258;825.967;0;691.069;272.219;2066;	0.707601;0.707723;0.375627;0.337794;0.756119;0.943674;
./tmp//tQC_NA_NA_12.mzML.dia					112024	112024					FPHFDLSHGSAQVK	FPHFDLSHGSAQVK	FPHFDLSHGSAQVK2	2	1	1	0	9901.05	9901.05	0	5.41275	1327.8	2.60718	4524.61	0	0.62595	4.66937	-0.784123	4.41252	-1.73599	1500;1865;3880;1731;3139;2504;	679.527;896.677;2700.09;1460.05;2557.38;2504;	0.690913;0.625126;0.787479;0.844408;0.773309;0.895306;
./tmp//tQC_NA_NA_12.mzML.dia	P35527	P35527	K1C9_HUMAN	KRT9	9387.48	9387.48	9387.48	9387.48	9387.48	9387.48	FSSSGGGGGGGR	FSSSGGGGGGGR	FSSSGGGGGGGR2	2	0.161765	0.375	1	9387.48	9387.48	0	1.92633	89.4	0.138716	963.42	0	0.651689	4.14911	2.97892	3.47178	1.28671	2022;4248;2191;4656;2592;1926;	1446.56;4248;1503.3;4591.74;1186.06;659.823;	0.865849;0.969472;0.860312;0.930009;0.409126;0.605366;
./tmp//tQC_NA_NA_12.mzML.dia	P69891;P69892	P69891;P69892	HBG1_HUMAN;HBG2_HUMAN	HBG1;HBG2	9981.38	9981.38	9981.38	9981.38			GHFTEEDKATITSLWGK	GHFTEEDKATITSLWGK	GHFTEEDKATITSLWGK3	3	0.135593	0.5	0	9981.38	9981.38	0	2.07865	1248.8	2.50227	988.102	0	0.332649	3.18564	3.05156	3.07136	-0.559803	3600;4951;1714;3252;3678;2794;	24.9369;403.98;711.947;2907.89;3542.6;2794;	-0.299652;-0.114095;0.454289;0.80991;0.910248;0.973945;
./tmp//tQC_NA_NA_12.mzML.dia					112024	112024					GKVGAHAGEYGAEALER	GKVGAHAGEYGAEALER	GKVGAHAGEYGAEALER3	3	0.377778	1	0	22859.1	22859.1	0	2.24915	815.4	1.68446	1051.66	0	0.00686671	4.01385	1.90929	3.15105	-1.15423	6461;1518;995;15311;3632;4847;	6461;690.82;378.662;9559.15;2014.57;4445.72;	0.980865;0.652391;0.603985;0.660366;0.729555;0.916806;
./tmp//tQC_NA_NA_12.mzML.dia					112024	112024					GLAHLDNLK	GLAHLDNLK	GLAHLDNLK2	2	0.0789474	1	0	1478.79	1478.79	0	0.915083	1679.2	2.93387	1045.73	0	0	3.12489	4.62532	3.43817	2.20531	190;549;224;1158;441;276;	50.7248;207.926;186.858;1158;38.9175;44.294;	0.46594;0.641836;0.81161;0.968708;0.0611738;0.379113;
./tmp//tQC_NA_NA_12.mzML.dia	P05109	P05109	S10A8_HUMAN	S100A8	13426.1	13426.1	13426.1	13426.1	13426.1	13426.1	GNFHAVYRDDLK	GNFHAVYRDDLK	GNFHAVYRDDLK3	3	0.161765	0.375	1	13426.1	13426.1	0	3.13448	844.3	1.746	1828.94	0	0	3.74118	2.95376	3.96661	-0.190568	5806;3078;912;2050;5370;5338;	3153.55;1743.99;649.893;2050;4049.81;3522.88;	0.606048;0.675267;0.727145;0.96124;0.788208;0.572206;
./tmp//tQC_NA_NA_12.mzML.dia	P02766	P02766	TTHY_HUMAN	TTR	26455.2	26455.2	26455.2	26455.2	26455.2	26455.2	GSPAINVAVHVFR	GSPAINVAVHVFR	GSPAINVAVHVFR2	2	0.0344828	0.111111	1	16676.1	16676.1	0	2.86923	1543.5	2.83161	1536.13	0	0.917527	5.50331	5.97049	4.41643	1.77138	6385;4626;2816;2337;1891;5156;	6385;4406.28;2563.19;2215.88;1639.2;3872.84;	0.959565;0.96253;0.941459;0.927717;0.894945;0.964818;
./tmp//tQC_NA_NA_12.mzML.dia	P02766	P02766	TTHY_HUMAN	TTR	26455.2	26455.2	26455.2	26455.2	26455.2	26455.2	GSPAINVAVHVFR	GSPAINVAVHVFR	GSPAINVAVHVFR3	3	0.0344828	0.111111	1	25752.5	25752.5	0	2.87507	1543.7	2.83178	1542.15	0	0.0431338	5.38429	6.61174	2.54925	-3.59193	7523;4251;8106;5165;3019;4720;	7274.05;4251;7225.47;4368.05;2513.93;4370.98;	0.980275;0.974835;0.956744;0.96874;0.983442;0.946454;
./tmp//tQC_NA_NA_12.mzML.dia					112024	112024					HFDLSHGSAQVK	HFDLSHGSAQVK	HFDLSHGSAQVK2	2	0.0344828	1	0	112024	112024	0	3.38677	1343.9	2.62695	2133.59	0	0.923001	4.49991	6.65934	4.41304	-3.52848	15294;36087;62202;18281;15011;3650;	15123;36087;62202;18281;12768.3;3650;	0.928396;0.967569;0.961734;0.96179;0.871288;0.976439;
./tmp//tQC_NA_NA_12.mzML.dia					112024	112024					HGPGLIYR	HGPGLIYR	HGPGLIYR2	2	0.0344828	1	0	46953.9	46953.9	0	1.65415	849.6	1.75728	980.431	0	0.978303	4.17482	5.46139	2.08265	-4.64205	16873;17394;1900;1845;2621;26159;	16829.3;16866.3;1387.97;673.809;1903.82;26159;	0.990317;0.980834;0.91762;0.67808;0.940621;0.980777;
./tmp//tQC_NA_NA_12.mzML.dia	P02765	P02765	FETUA_HUMAN	AHSG	15395.7	15395.7	15395.7	15395.7	15395.7	15395.7	HTLNQIDEVK	HTLNQIDEVK	HTLNQIDEVK2	2	0.0344828	0.111111	1	15395.7	15395.7	0	1.54707	836.9	1.73024	989.893	0	0.984774	5.49985	6.82361	3.78312	-3.89842	4186;4375;3909;6851;2389;1828;	4036.72;4101.01;3651.92;3595.83;2389;1722.23;	0.944889;0.914275;0.941951;0.849408;0.956205;0.942395;
./tmp//tQC_NA_NA_12.mzML.dia					112024	112024					HVDDMPNALSALSDLHAHK	HVDDMPNALSALSDLHAHK	HVDDMPNALSALSDLHAHK4	4	0.161765	1	0	5989.09	5989.09	0	4.7509	1534.6	2.82395	3761.29	0	0	4.28778	2.8965	3.95568	1.68971	3316;1230;1714;813;383;2442;	2019.15;1032.7;844.849;683.095;0;2442;	0.791335;0.752674;0.419663;0.728811;0.417767;0.958444;
./tmp//tQC_NA_NA_12.mzML.dia					112024	112024					HVDPENFR	HVDPENFR	HVDPENFR2	2	0.122807	1	0	31488.3	31488.3	0	4.72623	894.8	1.85352	3732.84	0	-0.174175	4.88634	3.246	3.55959	-0.0566096	1660;1733;1609;1978;9224;17984;	982.425;405.849;1433.62;1978;9181;17913.2;	0.651738;0.529573;0.872866;0.9784;0.964328;0.948358;
./tmp//tQC_NA_NA_12.mzML.dia	P25311	P25311	ZA2G_HUMAN	AZGP1	19711.8	19711.8	19711.8	19711.8	19711.8	19711.8	HVEDVPAFQALGSLNDLQFFR	HVEDVPAFQALGSLNDLQFFR	HVEDVPAFQALGSLNDLQFFR3	3	0.673267	0.916667	1	19711.8	19711.8	0	4.48782	4123.3	4.31005	3457.87	0	0.29282	4.75698	0.983537	4.41762	-1.80778	4763;6098;7452;3287;11422;1906;	4762.74;6098;7269.38;3072.52;2773.06;1834.1;	0.910321;0.96507;0.920021;0.900956;0.194695;0.836138;
./tmp//tQC_NA_NA_12.mzML.dia	P61769	P61769	B2MG_HUMAN	B2M	4927.65	4927.65	4927.65	4927.65	4927.65	4927.65	IEKVEHSDLSFSK	IEKVEHSDLSFSK	IEKVEHSDLSFSK2	2	0.705882	0.92	1	4927.65	4927.65	0	5.42422	849.5	1.75707	4537.84	0	0.348935	3.90884	0.898358	3.7741	-1.6723	2167;1252;1202;1802;1028;1920;	1464.52;779.913;612.318;644.004;1028;1178.81;	0.69323;0.559608;0.671418;0.490798;0.783985;0.612046;
./tmp//tQC_NA_NA_12.mzML.dia	P17900	P17900	SAP3_HUMAN	GM2A	322863	322863	322863	322863	322863	322863	IESVLSSSGKR	IESVLSSSGKR	IESVLSSSGKR2	2	1	1	1	322863	322863	0	2.68122	794.8	1.6406	1354.31	0	0.986726	4.31138	0.177069	4.31857	0.269282	270963;34839;50234;1699;3790;2754;	270710;34839;50022;858.258;666.449;606.686;	0.967607;0.959844;0.97294;0.902909;0.40942;0.439481;
./tmp//tQC_NA_NA_12.mzML.dia	P32119	P32119	PRDX2_HUMAN	PRDX2	13222.4	13222.4	13222.4	13222.4	13222.4	13222.4	IGKPAPDFK	IGKPAPDFK	IGKPAPDFK2	2	0.106383	0.111111	1	20687.6	20687.6	0	2.96227	803.8	1.65977	1634.64	0	-0.116385	3.07797	4.28931	3.1707	-4.6007	3607;538827;29412;3171;4808;2672;	1881.06;538288;12765.4;3171;2045.74;824.377;	0.668641;0.9351;0.771335;0.90346;-0.0533986;0.108386;
./tmp//tQC_NA_NA_12.mzML.dia	P00761	P00761	TRYP_PIG		60786.1	60786.1					IITHPNFNGNTLDNDIMLIK	IITHPNFNGNTLDNDIMLIK	IITHPNFNGNTLDNDIMLIK3	3	0.106383	1	1	42892.7	42892.7	0	3.57435	2612.2	3.2961	2368.25	0	0.243793	5.30521	4.20104	3.88445	-0.267349	18436;6807;6743;6568;6471;6659;	18218.7;6702.33;6602.44;6568;5101.95;6401.6;	0.887684;0.875409;0.911309;0.957342;0.813288;0.891147;
./tmp//tQC_NA_NA_12.mzML.dia	P0CG47;P0CG48;P62979;P62987	P0CG47;P0CG48;P62979;P62987	RL40_HUMAN;RS27A_HUMAN;UBB_HUMAN;UBC_HUMAN	RPS27A;UBA52;UBB;UBC	31215.7	31215.7	31215.7	31215.7			IQDKEGIPPDQQR	IQDKEGIPPDQQR	IQDKEGIPPDQQR3	3	0.253165	1	0	31215.7	31215.7	0	3.09835	740.3	1.52457	1787.05	0	-0.0561451	4.02281	2.41518	3.8249	-1.42916	3635;439;2604;6072;3228;20413;	767.322;83.1117;1637.52;6072;2538.49;20200.4;	0.245888;0.411784;0.745068;0.988834;0.763845;0.923001;
./tmp//tQC_NA_NA_12.mzML.dia	P02652	P02652	APOA2_HUMAN	APOA2	80869.9	80869.9	80869.9	80869.9	80869.9	80869.9	KAGTELVNFLSYFVELGTQPAT	KAGTELVNFLSYFVELGTQPAT	KAGTELVNFLSYFVELGTQPAT3	3	0.106383	0.111111	1	38417.6	38417.6	0	5.32642	4354.6	4.47035	4425.04	0	0.523956	4.97977	4.2801	4.00624	-2.2379	14977;4501;5776;3310;27689;6260;	14706.8;4372.58;5694.23;3158.48;8598.14;6260;	0.901953;0.94451;0.922308;0.947104;0.191671;0.927983;
./tmp//tQC_NA_NA_12.mzML.dia	P02652	P02652	APOA2_HUMAN	APOA2	80869.9	80869.9	80869.9	80869.9	80869.9	80869.9	KAGTELVNFLSYFVELGTQPATQ	KAGTELVNFLSYFVELGTQPATQ	KAGTELVNFLSYFVELGTQPATQ3	3	0.0344828	0.111111	1	80869.9	80869.9	0	5.30262	4346.4	4.46466	4397.59	0	0.958985	5.81284	5.77547	4.04347	-2.02213	41310;10407;8012;15324;8842;9211;	41310;9670.27;7728.79;15324;7911.82;8595.26;	0.964562;0.974042;0.977752;0.974103;0.940936;0.964833;
./tmp//tQC_NA_NA_12.mzML.dia					112024	112024					KLHVDPENFR	KLHVDPENFR	KLHVDPENFR2	2	1	1	0	144946	144946	0	4.7297	852.8	1.76409	3736.84	0	-0.180475	5.72193	-0.292525	4.11483	-0.160156	6264;4833;4484;12967;27532;95372;	5567.9;3284.4;3975.88;12498.7;27532;95372;	0.951958;0.871112;0.94564;0.958323;0.98216;0.980018;
./tmp//tQC_NA_NA_12.mzML.dia	P69905	P69905	HBA_HUMAN	HBA1	7497.44	7497.44	7497.44	7497.44	7497.44	7497.44	KVADALTNAVA	KVADALTNAVA	KVADALTNAVA2	2	0.375	0.111111	1	84392.2	84392.2	0	2.4826	1112.3	2.28763	1192.67	0	-0.124345	5.82896	1.97421	5.62848	-0.0216397	43334;140619;4659;7511;22633;12242;	42992.2;140619;3552.94;6110.37;21492.3;10244.3;	0.991052;0.991986;0.959373;0.974884;0.973187;0.957629;
./tmp//tQC_NA_NA_12.mzML.dia					112024	112024					KVGAHAGEYGAEALER	KVGAHAGEYGAEALER	KVGAHAGEYGAEALER3	3	0.67	1	0	12466.5	12466.5	0	3.8026	802.5	1.657	2653.98	0	0.0794057	3.79483	1.02201	3.28196	1.30578	3200;1726;2069;2445;6232;2538;	1546.3;776.102;1124.17;1169.72;6232;2394.26;	0.492186;0.720143;0.739729;0.58585;0.971689;0.860216;
./tmp//tQC_NA_NA_12.mzML.dia	P02042;P68871	P02042;P68871	HBB_HUMAN;HBD_HUMAN	HBB;HBD	162972	162972	162972	162972			KVLGAFSDGLAHLDN	KVLGAFSDGLAHLDN	KVLGAFSDGLAHLDN2	2	0.297619	0.111111	0	8732.56	8732.56	0	4.66003	1565.5	2.85001	3656.49	0	0.0821636	4.05896	2.27895	3.39072	-3.17398	4010;4009;1065;1310;2273;3136;	3518.02;3464.19;98.341;675.934;1304.26;3136;	0.865047;0.87321;0.105272;0.631959;0.689432;0.954143;
./tmp//tQC_NA_NA_12.mzML.dia	P04264	P04264	K2C1_HUMAN	KRT1	418714	418714	418714	418714	418714	418714	LDNLQQEIDFLTAL	LDNLQQEIDFLTAL	LDNLQQEIDFLTAL2	2	0.106383	0.272727	1	418714	418714	0	1.07217	4359.9	4.47402	1031.85	0	0	4.34882	4.28349	3.51522	-2.44748	279271;398;2050;1516;137638;786;	279271;208.986;633.228;1168.74;137207;433.365;	0.98388;0.771769;0.29103;0.962205;0.97942;0.852231;
./tmp//tQC_NA_NA_12.mzML.dia	P00761	P00761	TRYP_PIG		60786.1	60786.1					LGEHNIDVLEGNEQFINAAK	LGEHNIDVLEGNEQFINAAK	LGEHNIDVLEGNEQFINAAK3	3	0.0344828	1	1	60786.1	60786.1	0	3.03128	1772.8	2.99042	1710.81	0	0.977763	4.96227	7.57139	4.26054	1.45326	29185;18530;9208;12902;11123;3455;	27987.6;18042.9;8643.08;12902;10863.2;390.278;	0.941323;0.969903;0.958912;0.965905;0.9484;0.17811;
./tmp//tQC_NA_NA_12.mzML.dia	P0C0L4;P0C0L5	P0C0L4;P0C0L5	CO4A_HUMAN;CO4B_HUMAN	C4A;C4B	58283.3	58283.3	58283.3	58283.3			LGQYASPTAK	LGQYASPTAK	LGQYASPTAK2	2	0.0344828	1	0	58283.3	58283.3	0	1.35948	794.5	1.63996	1006.47	0	0.694921	5.80402	6.49524	3.42048	-1.88739	17296;6846;14209;8878;13680;8065;	17205;6796.21;14175.2;8736.42;10101.7;8065;	0.968246;0.980479;0.961158;0.981594;0.958128;0.97126;
./tmp//tQC_NA_NA_12.mzML.dia	P02647	P02647	APOA1_HUMAN	APOA1	1.59065e+06	1.59065e+06	1.59065e+06	1.59065e+06	1.59065e+06	1.59065e+06	LLDNWDSVTSTFSK	LLDNWDSVTSTFSK	LLDNWDSVTSTFSK2	2	0.0344828	0.111111	1	669738	669738	0	3.46465	2527	3.26147	2230.59	0	0.979778	5.85544	5.80665	3.99164	-1.79796	245132;177201;133889;116603;94791;79909;	245132;177152;133889;116603;94205.2;79909;	0.979231;0.972848;0.969239;0.975331;0.976179;0.97678;
./tmp//tQC_NA_NA_12.mzML.dia	P02042;P02100;P68871;P69891;P69892	P02042;P02100;P68871;P69891;P69892	HBB_HUMAN;HBD_HUMAN;HBE_HUMAN;HBG1_HUMAN;HBG2_HUMAN	HBB;HBD;HBE1;HBG1;HBG2	15266.5	15266.5	15266.5	15266.5			LLVVYPWTQR	LLVVYPWTQR	LLVVYPWTQR2	2	0.122807	0.111111	0	40407.9	40407.9	0	3.50922	3211.6	3.67822	2286.42	0	0.635636	5.09586	3.30197	4.84234	-1.0703	14092;10909;11272;5566;8215;7366;	14092;10629.6;10015.7;5490.3;8072;2737.94;	0.96577;0.965813;0.92095;0.967331;0.944827;0.454105;
./tmp//tQC_NA_NA_12.mzML.dia	P02042;P02100;P68871;P69891;P69892	P02042;P02100;P68871;P69891;P69892	HBB_HUMAN;HBD_HUMAN;HBE_HUMAN;HBG1_HUMAN;HBG2_HUMAN	HBB;HBD;HBE1;HBG1;HBG2	15266.5	15266.5	15266.5	15266.5			LLVVYPWTQRF	LLVVYPWTQRF	LLVVYPWTQRF2	2	0.0606061	0.111111	0	15266.5	15266.5	0	2.85777	3131.9	3.62299	1524.35	0	0.282291	3.57609	4.80085	3.34167	0.129376	12383;8326;3399;1467;351;353;	12383;7628.67;2466.23;417.235;0;0;	0.984957;0.972035;0.932225;0.414031;-0.253094;0.435543;
./tmp//tQC_NA_NA_12.mzML.dia	P02792	P02792	FRIL_HUMAN	FTL	126075	126075	126075	126075	126075	126075	LNQALLDLHALGSAR	LNQALLDLHALGSAR	LNQALLDLHALGSAR3	3	0.297619	0.52381	1	126075	126075	0	3.08645	1773.1	2.99058	1773.37	0	0.0204395	3.16243	2.24827	2.33633	-3.29814	1698;3861;3219;121942;992;1068;	420.15;3489.88;3219;121942;494.08;0;	0.29204;0.810306;0.963008;0.906823;0.473427;0.34912;
./tmp//tQC_NA_NA_12.mzML.dia	P32119	P32119	PRDX2_HUMAN	PRDX2	13222.4	13222.4	13222.4	13222.4	13222.4	13222.4	LSEDYGVLKTDEGIAYR	LSEDYGVLKTDEGIAYR	LSEDYGVLKTDEGIAYR3	3	0.122807	0.111111	1	7604.05	7604.05	0	4.79178	1455.3	2.74995	3808.44	0	0.106451	4.37997	3.29483	3.6098	-1.91418	1696;1346;1289;2640;2415;2266;	1129.43;832.21;577.172;2640;2079.43;1178.02;	0.723374;0.760459;0.519706;0.965899;0.826126;0.725817;
./tmp//tQC_NA_NA_12.mzML.dia					112024	112024					LSHGSAQVK	LSHGSAQVK	LSHGSAQVK2	2	0.161765	1	0	25191.5	25191.5	0	2.55443	67	0.0910234	1247.11	0	-0.0744762	3.06316	2.87122	2.64023	-2.90576	12034;14830;4999;4005;9696;2106;	12034;8362.22;1341.92;1677.43;9696;442.194;	0.979912;0.718065;0.529765;0.653436;0.986391;0.0765764;
./tmp//tQC_NA_NA_12.mzML.dia					112024	112024					LSPADKTNVK	LSPADKTNVK	LSPADKTNVK2	2	0.122807	1	0	85634.3	85634.3	0	2.50727	709	1.45792	1210.82	0	-0.141308	3.58718	3.6238	4.73215	1.84913	1635;4007;2816;76519;4149;18033;	874.597;1813.98;1039.79;76519;3332.18;3868.7;	0.769218;0.674972;0.644414;0.99464;0.965991;0.601247;
./tmp//tQC_NA_NA_12.mzML.dia	P02647	P02647	APOA1_HUMAN	APOA1	1.59065e+06	1.59065e+06	1.59065e+06	1.59065e+06	1.59065e+06	1.59065e+06	LSPLGEEMR	LSPLGEEMR	LSPLGEEMR2	2	0.0344828	0.111111	1	1.59065e+06	1.59065e+06	0	2.24742	1124	2.3078	1050.84	0	0.984733	5.84964	8.37948	4.52693	-0.883708	382470;178392;294136;847122;40892;35852;	382470;176610;292170;845712;40251.5;30043.1;	0.972997;0.963976;0.969266;0.986536;0.977466;0.971658;
./tmp//tQC_NA_NA_12.mzML.dia	P00761	P00761	TRYP_PIG		60786.1	60786.1					LSSPATLNSR	LSSPATLNSR	LSSPATLNSR2	2	0.0344828	1	1	59260.7	59260.7	0	1.6189	852	1.76239	983.546	0	0.632381	5.89157	7.59617	4.33821	0.910052	16251;15704;10015;7998;21110;8273;	15668;14720.9;8466.84;6475.28;21110;7540.58;	0.990021;0.986067;0.9886;0.976834;0.989583;0.987626;
./tmp//tQC_NA_NA_12.mzML.dia	P02768	P02768	ALBU_HUMAN	ALB	4.29568e+06	4.29568e+06	4.29568e+06	4.29568e+06	4.29568e+06	4.29568e+06	LVNEVTEFAK	LVNEVTEFAK	LVNEVTEFAK2	2	0.0344828	0.111111	1	4.29568e+06	4.29568e+06	0	2.44647	1238.6	2.48774	1167.14	0	0.948004	5.90523	7.13017	3.37076	-0.421754	1.80192e+06;1.29564e+06;1.07167e+06;612667;687359;313185;	1.6298e+06;1.29564e+06;1.06147e+06;606973;684329;313109;	0.952439;0.989838;0.988006;0.9806;0.989232;0.986237;
./tmp//tQC_NA_NA_12.mzML.dia					112024	112024					M(UniMod:35)QAAYQKVVAGVANALAHK	MQAAYQKVVAGVANALAHK	M(UniMod:35)QAAYQKVVAGVANALAHK3	3	0.483871	1	0	41871.3	41871.3	0	3.38633	3717	4.02847	2133.06	0	0.132433	3.4334	1.62127	2.74582	-4.36593	2096;517;12140;19122;4337;9331;	682.097;49.7526;11857.5;19122;878.658;9331;	0.235226;-0.0818414;0.861239;0.914677;-0.191134;0.982711;
./tmp//tQC_NA_NA_12.mzML.dia	P69891	P69891	HBG1_HUMAN	HBG1	24450.2	24450.2	24450.2	24450.2	24450.2	24450.2	M(UniMod:35)VTAVASALSSR	MVTAVASALSSR	M(UniMod:35)VTAVASALSSR2	2	0.243243	0.5	1	24450.2	24450.2	0	3.61892	1063.1	2.19901	2424.3	0	0.332921	3.29355	2.5624	4.64784	1.20453	3426;18546;3319;13099;4467;4955;	3426;654.987;2450.28;12079.2;2566.17;3928.64;	0.917709;0.364634;0.448375;0.849831;0.60578;0.687853;
./tmp//tQC_NA_NA_12.mzML.dia	P69905	P69905	HBA_HUMAN	HBA1	7497.44	7497.44	7497.44	7497.44	7497.44	7497.44	MFLSFPTTK	MFLSFPTTK	MFLSFPTTK2	2	0.0789474	0.111111	1	28506.5	28506.5	0	3.2842	3095	3.59741	2007.58	0	0.46728	5.67624	4.62247	4.60485	-2.96011	8985;7743;8025;6263;4238;3430;	8985;7553.49;7250.29;5938.64;3816.14;2516.48;	0.953204;0.961386;0.954893;0.877979;0.959297;0.944288;
./tmp//tQC_NA_NA_12.mzML.dia	P02042;P68871	P02042;P68871	HBB_HUMAN;HBD_HUMAN	HBB;HBD	162972	162972	162972	162972			MVHLTPEEK	MVHLTPEEK	MVHLTPEEK2	2	0.344828	0.111111	0	46166.6	46166.6	0	4.54212	839.7	1.7362	3520.49	0	0.209397	4.50677	2.16589	3.9241	-1.59483	3025;2389;4308;2911;2746;36225;	2305.35;2389;4264.62;1926.5;1480.73;36189.4;	0.661326;0.929006;0.817887;0.774869;0.514193;0.882684;
./tmp//tQC_NA_NA_12.mzML.dia	P02538;P04259;P35908;P48668	P02538;P04259;P35908;P48668	K22E_HUMAN;K2C6A_HUMAN;K2C6B_HUMAN;K2C6C_HUMAN	KRT2;KRT6A;KRT6B;KRT6C	2648.75	2648.75	2648.75	2648.75			NLDLDSIIAEVKAQYEEIAQR	NLDLDSIIAEVKAQYEEIAQR	NLDLDSIIAEVKAQYEEIAQR3	3	1	1	0	2648.75	2648.75	0	1.07217	4255.4	4.4016	1031.85	0	0.229403	3.4464	-0.230775	3.741	-0.696971	1949;552;59;159;881;	1949;251.762;0;0;699.75;	0.982446;0.779575;0.478339;0.526421;0.872095;
./tmp//tQC_NA_NA_12.mzML.dia	P02647	P02647	APOA1_HUMAN	APOA1	1.59065e+06	1.59065e+06	1.59065e+06	1.59065e+06	1.59065e+06	1.59065e+06	QGLLPVLESFK	QGLLPVLESFK	QGLLPVLESFK2	2	0.0344828	0.111111	1	1.24923e+06	1.24923e+06	0	3.93998	2914.5	3.47232	2822.07	0	0.997029	5.95035	7.56868	2.47086	-2.11853	818347;451930;127477;160107;111786;34559;	818294;451930;127042;159717;110029;34145.7;	0.998833;0.991651;0.989614;0.989036;0.976093;0.992521;
./tmp//tQC_NA_NA_12.mzML.dia	P02647	P02647	APOA1_HUMAN	APOA1	1.59065e+06	1.59065e+06	1.59065e+06	1.59065e+06	1.59065e+06	1.59065e+06	QKLHELQEK	QKLHELQEK	QKLHELQEK2	2	0.0344828	0.111111	1	18484.3	18484.3	0	0.88025	529.3	1.07532	1048.81	0	0.984752	5.55606	11.0441	3.0481	0.511913	5012;5148;5702;3039;2530;2877;	4978.13;4932.63;5645.11;2898.57;2530;2432.49;	0.97789;0.977308;0.982852;0.979193;0.974774;0.920195;
./tmp//tQC_NA_NA_12.mzML.dia	Q9NZD4	Q9NZD4	AHSP_HUMAN	AHSP	7885.08	7885.08	7885.08	7885.08	7885.08	7885.08	QQVTGEPQER	QQVTGEPQER	QQVTGEPQER2	2	0.161765	0.375	1	7885.08	7885.08	0	4.2721	594.7	1.21456	3209.08	0	-0.014694	3.11671	2.91749	3.73663	1.67556	1448;1461;3961;1666;1330;2400;	397.494;486.872;3961;752.832;534.504;2239.25;	0.229546;0.410585;0.982047;0.461298;0.65322;0.878133;
./tmp//tQC_NA_NA_12.mzML.dia	P02766	P02766	TTHY_HUMAN	TTR	26455.2	26455.2	26455.2	26455.2	26455.2	26455.2	RYTIAALLSPYSYSTTAVVTNPK	RYTIAALLSPYSYSTTAVVTNPK	RYTIAALLSPYSYSTTAVVTNPK3	3	0.296296	0.111111	1	20242.1	20242.1	0	3.6624	2662.9	3.31936	2478.94	0	-0.15487	4.2773	2.29405	3.89393	-0.256925	2421;4616;7153;1566;9846;2621;	1482.24;4616;7127.92;383.124;9846;1402.78;	0.700828;0.980036;0.932596;0.119746;0.977762;0.630447;
./tmp//tQC_NA_NA_12.mzML.dia					112024	112024					SALSDLHAHK	SALSDLHAHK	SALSDLHAHK2	2	0.541667	1	0	21892.7	21892.7	0	2.4826	2622.7	3.30074	1192.67	0	-0.050451	5.30574	1.41088	3.31335	-1.22232	9421;345954;3221;9334;4278;2464;	8004.76;345954;2264.29;7632.2;2323.71;1667.68;	0.983338;0.997353;0.914635;0.949959;0.776367;0.893937;
./tmp//tQC_NA_NA_12.mzML.dia					112024	112024					SALSDLHAHKLR	SALSDLHAHKLR	SALSDLHAHKLR3	3	0.122807	1	0	18236.2	18236.2	0	3.13405	796.3	1.6438	1828.44	0	-0.0316067	3.21531	3.42241	2.8036	-1.95534	1177;504;1777;687;637;16292;	691.817;0;1777;289.889;0;15477.5;	0.780346;-0.117695;0.951738;0.636134;-0.108979;0.856712;
./tmp//tQC_NA_NA_12.mzML.dia	P68871	P68871	HBB_HUMAN	HBB	12195.8	12195.8	12195.8	12195.8	12195.8	12195.8	SAVTALWGK	SAVTALWGK	SAVTALWGK2	2	0.0606061	0.111111	1	27374	27374	0	2.70242	1434.8	2.72905	1373.53	0	-0.0558997	4.28164	4.94271	3.61592	-2.62002	10103;4386;5100;5728;2910;51032;	10103;2598.78;5030.18;4048.2;2173.46;6019.12;	0.942004;0.918946;0.940221;0.939069;0.88912;-0.0254587;
./tmp//tQC_NA_NA_12.mzML.dia	P68871	P68871	HBB_HUMAN	HBB	12195.8	12195.8	12195.8	12195.8	12195.8	12195.8	SAVTALWGKVNVDEVGGEALGR	SAVTALWGKVNVDEVGGEALGR	SAVTALWGKVNVDEVGGEALGR3	3	0.0344828	0.111111	1	12195.8	12195.8	0	2.98195	2488.3	3.24728	1656.11	0	0.359441	3.67632	5.28687	3.68539	-0.817435	7305;2777;1791;2519;6979;2816;	4274.46;1027.53;217.97;732.534;4154.88;2816;	0.667767;0.375274;0.150482;0.321328;0.726592;0.90412;
./tmp//tQC_NA_NA_12.mzML.dia	P02652	P02652	APOA2_HUMAN	APOA2	80869.9	80869.9	80869.9	80869.9	80869.9	80869.9	SKEQLTPLIK	SKEQLTPLIK	SKEQLTPLIK2	2	0.0789474	0.111111	1	122807	122807	0	2.05183	967.8	2.00894	981.464	0	0.938729	5.34079	4.60062	3.1072	-3.29705	38752;54168;17141;27869;19783;20266;	38581.7;52048.4;17141;27776.2;19676.4;19631.9;	0.920089;0.894247;0.963796;0.927623;0.917555;0.909988;
./tmp//tQC_NA_NA_12.mzML.dia	P02652	P02652	APOA2_HUMAN	APOA2	80869.9	80869.9	80869.9	80869.9	80869.9	80869.9	SKEQLTPLIKK	SKEQLTPLIKK	SKEQLTPLIKK2	2	0.106383	0.111111	1	14389	14389	0	1.58537	842.2	1.74152	986.509	0	0.993886	5.87011	4.14439	3.12358	-0.0402732	3081;4624;3977;2949;2276;2333;	3009.61;4551.93;3918.55;2933.36;2276;2251.52;	0.970995;0.985475;0.950144;0.939008;0.976988;0.983532;
./tmp//tQC_NA_NA_12.mzML.dia					112024	112024					SLDKFLASVSTVLTSK	SLDKFLASVSTVLTSK	SLDKFLASVSTVLTSK3	3	0.730769	1	0	7102.67	7102.67	0	3.77837	3494.2	3.87407	2623.91	0	0	3.39647	0.785468	2.78239	-0.211905	4410;1617;1188;435;1897;2566;	3817.31;1296.87;284.455;0;434.899;2566;	0.870105;0.709226;0.411432;-0.00767971;0.680944;0.921632;
./tmp//tQC_NA_NA_12.mzML.dia					112024	112024					SLDKFLASVSTVLTSKY	SLDKFLASVSTVLTSKY	SLDKFLASVSTVLTSKY3	3	0.225352	1	0	71010.9	71010.9	0	3.01505	3960.4	4.19716	1692.67	0	-0.0736936	2.91199	2.63397	4.3074	0.047005	3399;31340;1717;3221;3430;68932;	400.345;29267.2;213.278;354.526;1110.78;68932;	-0.224652;0.990191;0.0555945;-0.0249967;0.598018;0.989703;
./tmp//tQC_NA_NA_12.mzML.dia	P13645	P13645	K1C10_HUMAN	KRT10	9435	9435	9435	9435	9435	9435	SQYEQLAEQNRK	SQYEQLAEQNRK	SQYEQLAEQNRK2	2	0.377778	0.375	1	19557.9	19557.9	0	4.97982	752.3	1.55012	4025.3	0	0.280019	4.90215	1.8701	4.4639	-0.0573013	4577;16346;7759;5598;1429;3991;	3705.85;16343.5;7458.99;5598;610.61;2184.49;	0.909727;0.970291;0.976704;0.990466;0.667408;0.732205;
./tmp//tQC_NA_NA_12.mzML.dia	P13645	P13645	K1C10_HUMAN	KRT10	9435	9435	9435	9435	9435	9435	SQYEQLAEQNRK	SQYEQLAEQNRK	SQYEQLAEQNRK3	3	0.161765	0.375	1	9435	9435	0	3.4309	751.8	1.54905	2188.45	0	0	2.86352	2.91317	2.34432	-1.04319	6729;1118;1207;386;4372;582;	4698.47;249.214;293.589;16.1669;4372;54.7758;	0.844635;0.552659;0.466912;-0.039824;0.943158;0.211205;
./tmp//tQC_NA_NA_12.mzML.dia					112024	112024					STPDAVM(UniMod:35)GNPK	STPDAVMGNPK	STPDAVM(UniMod:35)GNPK2	2	1	1	0	9747.46	9747.46	0	1.84218	604.9	1.23628	963.941	0	-0.0796221	3.35535	0.28434	3.52322	0.775806	4882;1480;3999;992;2498;3164;	4882;918.734;2977.75;616.688;787.276;483.748;	0.977787;0.81161;0.921394;0.805094;0.658546;-0.0229079;
./tmp//tQC_NA_NA_12.mzML.dia					112024	112024					STPDAVMGNPK	STPDAVMGNPK	STPDAVMGNPK2	2	0.188406	1	0	4346.37	4346.37	0	4.98652	841.1	1.73918	4033.03	0	0.959236	3.77465	2.71049	3.34413	-1.85277	1045;1209;1491;360;2876;385;	639.348;858.523;651.184;99.4212;2876;80.4207;	0.766975;0.826956;0.588217;0.502548;0.991125;0.407779;
./tmp//tQC_NA_NA_12.mzML.dia	P32119	P32119	PRDX2_HUMAN	PRDX2	13222.4	13222.4	13222.4	13222.4	13222.4	13222.4	TDEGIAYR	TDEGIAYR	TDEGIAYR2	2	0.1	0.111111	1	22034.9	22034.9	0	4.08365	817.8	1.68957	2991.74	0	-0.0221515	3.02463	4.40628	2.68381	-0.169358	18528;4631;1128;627;1199;2874;	18382;1227.29;86.5219;0;692.385;2874;	0.963952;0.352846;0.0811668;-0.000733695;0.828796;0.963522;
./tmp//tQC_NA_NA_12.mzML.dia	P02647	P02647	APOA1_HUMAN	APOA1	1.59065e+06	1.59065e+06	1.59065e+06	1.59065e+06	1.59065e+06	1.59065e+06	THLAPYSDELR	THLAPYSDELR	THLAPYSDELR2	2	0.0344828	0.111111	1	411795	411795	0	1.94343	956.4	1.98467	964.58	0	0.175601	5.66842	6.25615	3.59659	-2.8555	141279;104317;109669;132478;17103;18731;	140941;100846;104635;132478;15457.2;18283.8;	0.941572;0.92923;0.929774;0.931846;0.918301;0.96511;
./tmp//tQC_NA_NA_12.mzML.dia					112024	112024					TQRFFESFGDLSSPDAVMGNPK	TQRFFESFGDLSSPDAVMGNPK	TQRFFESFGDLSSPDAVMGNPK3	3	1	1	0	8115.91	8115.91	0	5.41318	2813.8	3.40352	4525.11	0	0.853073	3.721	-0.398601	3.90737	-2.50287	3824;2599;2750;1552;2471;1931;	3454.81;906.222;2750;578.446;928.585;404.064;	0.884038;0.598418;0.85935;0.567679;0.52904;0.170287;
./tmp//tQC_NA_NA_12.mzML.dia	P69905	P69905	HBA_HUMAN	HBA1	7497.44	7497.44	7497.44	7497.44	7497.44	7497.44	TYFPHFDLSHGSA	TYFPHFDLSHGSA	TYFPHFDLSHGSA2	2	1	0.111111	1	14097	14097	0	4.09187	1570.5	2.85409	3001.21	0	0.732097	4.18699	0.11888	3.43632	-1.33807	4401;13732;6107;6504;732;2559;	2407.43;11678.8;6107;6362.44;415.834;1211.7;	0.589089;0.863359;0.967512;0.860068;0.723124;0.502696;
./tmp//tQC_NA_NA_12.mzML.dia	P69905	P69905	HBA_HUMAN	HBA1	7497.44	7497.44	7497.44	7497.44	7497.44	7497.44	TYFPHFDLSHGSAQVK	TYFPHFDLSHGSAQVK	TYFPHFDLSHGSAQVK3	3	0.0344828	0.111111	1	5091.99	5091.99	0	2.74375	1721.1	2.96045	1411.97	0	0.721402	4.10028	5.82972	2.72882	-0.610099	3816;1984;1545;3157;2924;3140;	2393.11;1984;1121.92;1863.74;944.134;1162.19;	0.876913;0.951576;0.849808;0.818398;0.385943;0.716536;
./tmp//tQC_NA_NA_12.mzML.dia	P69905	P69905	HBA_HUMAN	HBA1	7497.44	7497.44	7497.44	7497.44	7497.44	7497.44	TYFPHFDLSHGSAQVK	TYFPHFDLSHGSAQVK	TYFPHFDLSHGSAQVK4	4	0.0789474	0.111111	1	6315.76	6315.76	0	2.75175	1697.3	2.94562	1419.56	0	0.239365	3.78475	4.57301	2.84446	0.0203986	7264;3530;2651;2039;7022;899;	3249.9;1952.75;2651;1908.55;971.979;784.232;	0.356852;0.707464;0.968984;0.943152;0.0383175;0.866103;
./tmp//tQC_NA_NA_12.mzML.dia	P69905	P69905	HBA_HUMAN	HBA1	7497.44	7497.44	7497.44	7497.44	7497.44	7497.44	TYFPHFDLSHGSAQVKG	TYFPHFDLSHGSAQVKG	TYFPHFDLSHGSAQVKG3	3	1	0.111111	1	39713.9	39713.9	0	4.7297	1245.2	2.49717	3736.84	0	-0.155402	4.94172	0.244495	3.89376	-3.52022	1970;4995;1450;3585;2941;32803;	1818.43;4965.4;854.689;3585;2539.21;32735;	0.881019;0.894014;0.661041;0.966514;0.868713;0.923049;
./tmp//tQC_NA_NA_12.mzML.dia	P69905	P69905	HBA_HUMAN	HBA1	7497.44	7497.44	7497.44	7497.44	7497.44	7497.44	TYFPHFDLSHGSAQVKGHGK	TYFPHFDLSHGSAQVKGHGK	TYFPHFDLSHGSAQVKGHGK4	4	0.243243	0.111111	1	24498.4	24498.4	0	2.23638	1032.7	2.14107	1045.68	0	0	3.16602	2.58904	4.73697	-2.85273	4600;953;5185;13593;180;11159;	1172.9;317.299;5185;13593;18.6903;5701.74;	0.330528;0.317121;0.973497;0.857633;0.0959272;0.678236;
./tmp//tQC_NA_NA_12.mzML.dia					112024	112024					VDEVGGEALGR	VDEVGGEALGR	VDEVGGEALGR2	2	0.0344828	1	0	1082.58	1082.58	0	4.97418	916.1	1.89887	4018.8	0	-0.101516	3.47886	6.74476	3.3928	-1.48392	2715;393;300;810;787;821;	2715;62.8709;61.1311;324.078;435.363;262.006;	0.959944;0.511636;0.389315;0.666035;0.760683;0.590941;
./tmp//tQC_NA_NA_12.mzML.dia	P04080	P04080	CYTB_HUMAN	CSTB	2644.15	2644.15	2644.15	2644.15	2644.15	2644.15	VFQSLPHENKPLTLSNYQTNK	VFQSLPHENKPLTLSNYQTNK	VFQSLPHENKPLTLSNYQTNK3	3	1	0.52381	1	12331.6	12331.6	0	5.41318	1128.9	2.31614	4525.11	0	0.00197763	4.40075	0.0563966	3.98892	1.8257	1914;3624;2465;1283;5584;10270;	635.094;3624;1842.65;394.635;5172.21;4922.08;	0.421221;0.885419;0.845523;0.605108;0.804184;0.812433;
./tmp//tQC_NA_NA_12.mzML.dia	P04080	P04080	CYTB_HUMAN	CSTB	2644.15	2644.15	2644.15	2644.15	2644.15	2644.15	VFQSLPHENKPLTLSNYQTNK	VFQSLPHENKPLTLSNYQTNK	VFQSLPHENKPLTLSNYQTNK4	4	0.344828	0.52381	1	2644.15	2644.15	0	1.97913	1128.1	2.31478	968.341	0	0.83117	2.82934	2.16227	3.44065	-0.290115	1338;45;604;1949;1292;916;	1338;0;199.462;1445.12;520.868;478.69;	0.968452;0.411837;0.174709;0.66911;0.568843;0.618653;
./tmp//tQC_NA_NA_12.mzML.dia	P69905	P69905	HBA_HUMAN	HBA1	7497.44	7497.44	7497.44	7497.44	7497.44	7497.44	VGAHAGEYGAE	VGAHAGEYGAE	VGAHAGEYGAE2	2	0.253165	0.111111	1	15437.7	15437.7	0	4.55402	671.4	1.37787	3534.22	0	-0.118965	4.29276	2.40903	3.84742	0.0293545	2271;1386;1091;2391;951;13013;	2094.87;820.546;452.05;2391;228.723;12365.9;	0.897872;0.696998;0.505068;0.975385;0.433636;0.937039;
./tmp//tQC_NA_NA_12.mzML.dia	P69905	P69905	HBA_HUMAN	HBA1	7497.44	7497.44	7497.44	7497.44	7497.44	7497.44	VGAHAGEYGAEALER	VGAHAGEYGAEALER	VGAHAGEYGAEALER2	2	0.253165	0.111111	1	2439.91	2439.91	0	1.79848	1481.7	2.77577	967.679	0	0.217798	4.50663	2.52906	3.93502	0.74112	1385;1352;857;953;994;952;	930.546;1101.67;491.537;953;566.756;428.621;	0.848869;0.907562;0.770354;0.909583;0.800992;0.731757;
./tmp//tQC_NA_NA_12.mzML.dia	P69905	P69905	HBA_HUMAN	HBA1	7497.44	7497.44	7497.44	7497.44	7497.44	7497.44	VGAHAGEYGAEALER	VGAHAGEYGAEALER	VGAHAGEYGAEALER3	3	0.0344828	0.111111	1	7497.44	7497.44	0	1.80345	1404.7	2.69699	967.24	0	-0.0807678	5.10932	6.97813	4.0668	-2.58056	10990;5650;4798;3305;5666;4783;	10990;2338.28;1736.17;1255.31;3062.7;4505.96;	0.977685;0.784697;0.781945;0.775079;0.813029;0.95092;
./tmp//tQC_NA_NA_12.mzML.dia	P69905	P69905	HBA_HUMAN	HBA1	7497.44	7497.44	7497.44	7497.44	7497.44	7497.44	VGAHAGEYGAEALERM	VGAHAGEYGAEALERM	VGAHAGEYGAEALERM3	3	0.0344828	0.111111	1	7059.28	7059.28	0	2.853	1128.3	2.31512	1519.47	0	0.79932	3.92448	5.81663	3.44933	-1.16386	4490;5687;3249;4647;15220;3054;	2763.77;5687;2033.69;4046.4;15034.9;979.196;	0.724503;0.96072;0.695179;0.893781;0.898649;0.260387;
./tmp//tQC_NA_NA_12.mzML.dia	P10599	P10599	THIO_HUMAN	TXN	2125.61	2125.61	2125.61	2125.61	2125.61	2125.61	VGEFSGANKEK	VGEFSGANKEK	VGEFSGANKEK2	2	0.161765	0.375	1	2125.61	2125.61	0	4.2721	591.3	1.20733	3209.08	0	0.534616	2.98932	2.88475	3.2457	0.0663253	11762;1721;2034;1674;1962;370;	10931.6;377.259;402.631;1674;587.344;48.9803;	0.699869;0.147052;0.0203248;0.867228;0.342287;0.143626;
./tmp//tQC_NA_NA_12.mzML.dia	P68871	P68871	HBB_HUMAN	HBB	12195.8	12195.8	12195.8	12195.8	12195.8	12195.8	VHLTPEEKSAVTALWGK	VHLTPEEKSAVTALWGK	VHLTPEEKSAVTALWGK4	4	0.0606061	0.111111	1	9229.42	9229.42	0	2.70242	1467.6	2.76213	1373.53	0	0.0467014	4.23434	5.11454	3.61592	-2.26643	10103;4386;5728;5100;2910;9506;	10103;2598.78;4048.2;5030.18;2173.46;151.038;	0.942004;0.918946;0.939069;0.940221;0.88912;-0.0247047;
./tmp//tQC_NA_NA_12.mzML.dia	P02647	P02647	APOA1_HUMAN	APOA1	1.59065e+06	1.59065e+06	1.59065e+06	1.59065e+06	1.59065e+06	1.59065e+06	VKDLATVYVDVLK	VKDLATVYVDVLK	VKDLATVYVDVLK2	2	0.1	0.111111	1	94848.9	94848.9	0	3.15462	1784.3	2.99668	1852.51	0	0.970981	5.54327	4.39548	3.47915	-1.39401	18902;16055;15817;113450;20339;16173;	18848.3;16055;15815.5;62908.2;20256.2;16125.2;	0.97478;0.966659;0.967333;0.73873;0.966201;0.963983;
./tmp//tQC_NA_NA_12.mzML.dia	P02647	P02647	APOA1_HUMAN	APOA1	1.59065e+06	1.59065e+06	1.59065e+06	1.59065e+06	1.59065e+06	1.59065e+06	VKDLATVYVDVLK	VKDLATVYVDVLK	VKDLATVYVDVLK3	3	0.0344828	0.111111	1	241670	241670	0	3.14725	1787.4	2.99835	1843.87	0	-0.178008	5.75461	5.96139	4.39842	2.54221	281052;136817;111952;80443;85615;51727;	278560;136817;111475;79082.5;85402;51112.7;	0.964625;0.950165;0.946387;0.965369;0.959227;0.941323;
./tmp//tQC_NA_NA_12.mzML.dia	P02652	P02652	APOA2_HUMAN	APOA2	80869.9	80869.9	80869.9	80869.9	80869.9	80869.9	VKSPELQAEAK	VKSPELQAEAK	VKSPELQAEAK2	2	0.0344828	0.111111	1	40651.5	40651.5	0	1.27575	734.3	1.51179	1013.87	0	0.990659	5.74417	8.60707	3.47353	-0.0967554	93787;59286;25881;6697;7411;8985;	93761.8;59286;25704.2;6477.12;6700.31;8470.28;	0.944033;0.958879;0.964024;0.978127;0.937606;0.942725;
./tmp//tQC_NA_NA_12.mzML.dia					112024	112024					VLAHHFGK	VLAHHFGK	VLAHHFGK2	2	0.297619	1	0	3076.67	3076.67	0	2.34477	560.4	1.14154	1102.38	0	-0.0560392	2.97208	2.26182	2.57795	-2.26995	20656;373033;3120;2903;6521;1309;	20656;341120;700.278;2042.12;2527.26;334.275;	0.985884;0.888719;-0.131199;0.783243;0.370162;0.284201;
./tmp//tQC_NA_NA_12.mzML.dia	P00915	P00915	CAH1_HUMAN	CA1	10171.4	10171.4	10171.4	10171.4	10171.4	10171.4	VLDALQAIK	VLDALQAIK	VLDALQAIK2	2	0.0789474	0.2	1	10171.4	10171.4	0	3.88677	1553.4	2.83998	2757.51	0	0	4.08086	4.75025	2.40232	-0.348453	522;1910;902;1142;2193;9120;	0;1717.03;0;1051.36;1560.98;9120;	-0.0486201;0.887664;0.520599;0.833465;0.782453;0.990454;
./tmp//tQC_NA_NA_12.mzML.dia	P69905	P69905	HBA_HUMAN	HBA1	7497.44	7497.44	7497.44	7497.44	7497.44	7497.44	VLSPADKTNVK	VLSPADKTNVK	VLSPADKTNVK2	2	0.122807	0.111111	1	1115.78	1115.78	0	1.18898	750.5	1.54628	1021.53	0	0.333458	4.2931	3.2201	3.08171	-3.63183	545;911;1024;1133;954;377;	545;911;556.335;486.898;135.792;72.543;	0.922299;0.954048;0.582626;0.683009;0.278488;0.344826;
./tmp//tQC_NA_NA_12.mzML.dia	P69905	P69905	HBA_HUMAN	HBA1	7497.44	7497.44	7497.44	7497.44	7497.44	7497.44	VLSPADKTNVKAAWGK	VLSPADKTNVKAAWGK	VLSPADKTNVKAAWGK3	3	0.472527	0.111111	1	1638.23	1638.23	0	4.99885	905.2	1.87566	4047.25	0	0.0109398	3.89737	1.64891	2.76427	-3.40789	1693;376;615;727;1173;1218;	1693;30.1494;251.706;307.401;857.22;1079.12;	0.968139;-0.0105881;0.770531;0.667756;0.825973;0.884486;
./tmp//tQC_NA_NA_12.mzML.dia	P68871	P68871	HBB_HUMAN	HBB	12195.8	12195.8	12195.8	12195.8	12195.8	12195.8	VNVDEVGGEALGR	VNVDEVGGEALGR	VNVDEVGGEALGR2	2	0.0606061	0.111111	1	8625.43	8625.43	0	2.28873	1333.8	2.61461	1071.41	0	0.538092	4.53218	4.92474	3.00319	-2.37516	40722;5846;5797;2949;4717;3064;	12694.5;5846;4716.69;2776.29;4099.96;1132.44;	0.340471;0.932209;0.889753;0.93754;0.920096;0.314695;
./tmp//tQC_NA_NA_12.mzML.dia	P68871	P68871	HBB_HUMAN	HBB	12195.8	12195.8	12195.8	12195.8	12195.8	12195.8	VNVDEVGGEALGRLLVVYPWTQR	VNVDEVGGEALGRLLVVYPWTQR	VNVDEVGGEALGRLLVVYPWTQR4	4	0.122807	0.111111	1	14081.1	14081.1	0	3.50922	4007.4	4.22973	2286.42	0	-0.0158419	4.5181	3.42772	4.73957	-2.81008	14092;10909;11272;7366;5566;4055;	14092;10629.6;10015.7;2737.94;5490.3;1327.42;	0.96577;0.965813;0.92095;0.454105;0.967331;0.473515;
./tmp//tQC_NA_NA_12.mzML.dia	P02647	P02647	APOA1_HUMAN	APOA1	1.59065e+06	1.59065e+06	1.59065e+06	1.59065e+06	1.59065e+06	1.59065e+06	VQPYLDDFQKK	VQPYLDDFQKK	VQPYLDDFQKK2	2	0.0344828	0.111111	1	62659.8	62659.8	0	2.19138	1053	2.18003	1026.12	0	0.98952	5.88284	10.536	3.85322	-1.75624	66275;15482;9413;9638;7559;44608;	66243.1;15174.7;8906.3;9145.54;7408.05;44608;	0.975698;0.966651;0.986077;0.976252;0.988756;0.984144;
./tmp//tQC_NA_NA_12.mzML.dia	P02647	P02647	APOA1_HUMAN	APOA1	1.59065e+06	1.59065e+06	1.59065e+06	1.59065e+06	1.59065e+06	1.59065e+06	VQPYLDDFQKK	VQPYLDDFQKK	VQPYLDDFQKK3	3	0.0344828	0.111111	1	429226	429226	0	2.18445	1050.6	2.17549	1023.33	0	0.723156	5.83818	8.07778	3.15251	-2.80503	85562;41406;44066;370994;22016;18055;	85562;41231.8;43568.7;368350;18882.4;17306.6;	0.967513;0.966081;0.974575;0.974656;0.958619;0.985312;
./tmp//tQC_NA_NA_12.mzML.dia	P02647	P02647	APOA1_HUMAN	APOA1	1.59065e+06	1.59065e+06	1.59065e+06	1.59065e+06	1.59065e+06	1.59065e+06	VSFLSALEEYTK	VSFLSALEEYTK	VSFLSALEEYTK2	2	0.0344828	0.111111	1	517764	517764	0	4.11523	3130.3	3.62188	3028.16	0	0.989935	5.8165	5.81272	3.97748	-1.08137	590407;464203;199364;176549;84040;143745;	590407;464203;199364;175474;83630.2;142927;	0.976959;0.966459;0.968248;0.963142;0.96853;0.957964;
./tmp//tQC_NA_NA_12.mzML.dia	P02042;P68871	P02042;P68871	HBB_HUMAN;HBD_HUMAN	HBB;HBD	162972	162972	162972	162972			VVAGVANALAH	VVAGVANALAH	VVAGVANALAH2	2	0.225352	0.111111	0	162972	162972	0	3.09835	1129.1	2.31648	1787.05	0	-0.056674	5.47361	2.62405	5.31417	1.95312	790241;79846;123136;2234;25941;40034;	790241;79713.9;123136;653.69;22778;39182.1;	0.973952;0.983911;0.986522;0.674488;0.977844;0.987751;
./tmp//tQC_NA_NA_12.mzML.dia	P02042;P68871	P02042;P68871	HBB_HUMAN;HBD_HUMAN	HBB;HBD	162972	162972	162972	162972			VVAGVANALAHKY	VVAGVANALAHKY	VVAGVANALAHKY2	2	1	0.111111	0	13492	13492	0	3.7193	1068.2	2.20849	2550.26	0	-0.165633	4.28242	-0.0504485	3.38931	-2.21723	1642;7380;4949;7901;4242;3828;	743.036;7288.62;3062.06;7901;3827.48;2528.92;	0.326042;0.932019;0.688961;0.986302;0.940493;0.628106;
